dateindex,otherhuman
2010-06-30,Philippe Reines
2010-06-17,Richard Verma
2010-06-16,Lauren Jiloty
2010-06-27,Cheryl Mills
2010-06-30,Jake Sullivan
2010-06-16,Sidney Blumenthal
2010-06-24,Cheryl Mills
2010-07-01,Jake Sullivan
2010-06-19,Jake Sullivan
2010-06-27,Huma Abedin
2010-06-20,Jake Sullivan
2010-06-24,Philippe Reines
2010-06-26,Sidney Blumenthal
2010-06-22,Robert Russo
2010-06-22,Lauren Jiloty
2010-06-28,Jake Sullivan
2010-06-25,Lona Valmoro
2010-06-28,Cheryl Mills
2010-06-21,Monica Hanley
2010-06-26,Lona Valmoro
2010-06-30,Lona Valmoro
2010-06-22,Monica Hanley
2010-06-29,Monica Hanley
2001-01-01,Sidney Blumenthal
2010-06-26,Lauren Jiloty
2010-06-30,Cheryl Mills
2010-06-22,Lauren Jiloty
2010-06-26,Lauren Jiloty
2010-06-20,Jake Sullivan
2010-06-25,Robert Russo
2010-06-18,Jake Sullivan
2010-06-18,Jake Sullivan
2010-06-20,Philippe Reines
2010-06-19,Jake Sullivan
2010-06-22,Monica Hanley
2010-06-21,Huma Abedin
2010-06-26,Monica Hanley
2010-06-19,Richard Verma
2010-06-22,Lauren Jiloty
2010-06-27,Lona Valmoro
2010-06-19,Cheryl Mills
2010-06-22,Monica Hanley
2010-06-28,Lauren Jiloty
2010-06-22,Lauren Jiloty
2010-06-24,Lona Valmoro
2010-06-22,Lona Valmoro
2010-06-13,Lauren Jiloty
2010-06-02,Huma Abedin
2010-05-30,Huma Abedin
2010-06-05,Anne-Marie Slaughter
2010-05-30,Jake Sullivan
2010-06-13,Anne-Marie Slaughter
2010-06-09,Jake Sullivan
2010-06-13,Cherie Blair
2010-06-05,Huma Abedin
2010-06-12,Cheryl Mills
2010-06-11,Sidney Blumenthal
2010-06-02,Jake Sullivan
2010-05-29,Huma Abedin
2010-05-31,Robert Russo
2010-06-11,Jake Sullivan
2010-06-13,Lauren Jiloty
2010-06-01,Lauren Jiloty
2010-06-01,Lauren Jiloty
2010-05-30,Melanne Verveer
2010-05-30,Lona Valmoro
2010-06-02,Huma Abedin
2010-06-12,Jake Sullivan
2010-05-29,Anne-Marie Slaughter
2010-06-12,Cheryl Mills
2010-06-11,Jake Sullivan
2010-06-03,Lauren Jiloty
2010-06-11,Jake Sullivan
2010-06-11,Huma Abedin
2010-06-02,Huma Abedin
2010-05-30,Huma Abedin
2010-06-01,Lauren Jiloty
2010-06-13,Lauren Jiloty
2010-06-06,Huma Abedin
2010-06-11,Huma Abedin
2010-05-30,Lona Valmoro
2010-06-06,Cheryl Mills
2010-06-13,Strobe Talbott
2010-05-30,Lona Valmoro
2010-06-09,Huma Abedin
2010-06-12,Jake Sullivan
2010-06-05,Cheryl Mills
2010-06-05,Anne-Marie Slaughter
2010-06-15,Lauren Jiloty
2010-06-06,Cheryl Mills
2010-06-01,Jake Sullivan
2010-05-29,Sidney Blumenthal
2010-06-01,Jake Sullivan
2010-05-30,Huma Abedin
2010-05-29,Lauren Jiloty
2010-05-29,Cheryl Mills
2010-05-27,Huma Abedin
2010-05-30,Huma Abedin
2010-05-12,Jake Sullivan
2010-05-28,Arturo Valenzuela
2010-05-30,Jake Sullivan
2010-05-18,Jake Sullivan
2010-05-15,Betsy Ebeling
2010-05-11,Lona Valmoro
2010-05-11,Lona Valmoro
2010-05-15,Huma Abedin
2010-05-26,Jake Sullivan
2010-05-11,Jake Sullivan
2010-05-26,Cheryl Mills
2010-05-28,Cheryl Mills
2010-05-15,Philippe Reines
2010-05-26,Jake Sullivan
2010-05-27,Capricia Marshall
2010-05-17,Lauren Jiloty
2010-05-29,"Samuel (\Sandy\"") Berger"""
2010-05-26,Lona Valmoro
2010-05-26,Richard Verma
2010-05-26,Monica Hanley
2010-05-16,Cheryl Mills
2010-05-26,Jake Sullivan
2010-05-22,Huma Abedin
2010-05-25,Monica Hanley
2010-05-18,Jake Sullivan
2010-05-27,Jake Sullivan
2010-05-11,Lauren Jiloty
2010-05-22,Jake Sullivan
2010-05-26,Jake Sullivan
2010-05-18,Cheryl Mills
2010-05-21,Jake Sullivan
2010-05-16,Jake Sullivan
2010-05-12,Lauren Jiloty
2010-05-17,Capricia Marshall
2010-05-26,Cheryl Mills
2010-05-14,Lauren Jiloty
2010-05-30,Jake Sullivan
2010-05-11,Lauren Jiloty
2010-05-12,Lona Valmoro
2010-05-15,Capricia Marshall
2010-05-24,Lauren Jiloty
2010-05-12,Lauren Jiloty
2010-05-14,Lauren Jiloty
2010-05-25,Jake Sullivan
2010-05-14,Jake Sullivan
2010-05-22,Huma Abedin
2010-05-15,William Burns
2010-05-15,Lauren Jiloty
2010-05-10,Lona Valmoro
2010-05-14,Jake Sullivan
2010-05-12,Jake Sullivan
2010-05-11,Lauren Jiloty
2010-05-10,Huma Abedin
2010-05-10,Burns Strider
2010-05-09,rooneym@state.gov
2010-05-10,Lauren Jiloty
2010-05-04,Lona Valmoro
2010-05-10,Jake Sullivan
2010-04-29,Jake Sullivan
2010-05-07,Jake Sullivan
2010-05-08,Sidney Blumenthal
2010-05-03,Jake Sullivan
2010-05-04,Cheryl Mills
2010-05-10,Sidney Blumenthal
2010-04-30,Jake Sullivan
2010-05-06,Lona Valmoro
2010-05-01,Lona Valmoro
2010-05-01,Jake Sullivan
2010-05-07,Lona Valmoro
2010-05-10,Lauren Jiloty
2010-05-04,Jake Sullivan
2010-05-01,Lauren Jiloty
2010-05-08,Andrew Shapiro
2010-05-06,Lona Valmoro
2010-04-29,Lona Valmoro
2010-05-09,Cheryl Mills
2010-05-08,Jake Sullivan
2010-05-03,Huma Abedin
2010-05-06,Lona Valmoro
2010-04-27,Huma Abedin
2010-05-04,Jake Sullivan
2010-05-09,Jake Sullivan
2010-05-01,Lauren Jiloty
2010-05-05,Sidney Blumenthal
2010-04-29,Lauren Jiloty
2010-05-02,Jake Sullivan
2010-04-29,Lona Valmoro
2010-04-27,Huma Abedin
2010-05-10,Huma Abedin
2010-04-28,Lauren Jiloty
2010-05-10,Anne-Marie Slaughter
2010-05-10,Lauren Jiloty
2010-05-09,Jake Sullivan
2010-05-10,Lauren Jiloty
2010-05-08,Cheryl Mills
2010-05-09,Lauren Jiloty
2010-05-05,Anne-Marie Slaughter
2010-05-08,Lissa Muscatine
2010-05-01,Jake Sullivan
2010-05-08,Lona Valmoro
2010-05-09,Lauren Jiloty
2010-05-03,Monica Hanley
2010-05-05,Jake Sullivan
2010-05-01,Kris Balderston
2010-04-29,Philippe Reines
2010-05-07,Jake Sullivan
2010-04-30,Cheryl Mills
2010-04-25,Lauren Jiloty
2010-04-23,Richard Verma
2010-04-18,Kurt Campbell
2010-04-23,Philippe Reines
2010-04-17,Jake Sullivan
2010-04-20,Lauren Jiloty
2010-04-23,Sidney Blumenthal
2010-04-19,Kris Balderston
2010-04-19,Kris Balderston
2010-04-24,Jake Sullivan
2010-04-17,Huma Abedin
2010-04-19,Richard Verma
2010-04-26,Huma Abedin
2010-04-18,Lauren Jiloty
2010-04-16,Cheryl Mills
2010-04-25,Philippe Reines
2010-04-24,Barbara Mikulski
2010-04-23,Anne-Marie Slaughter
2010-04-21,Cheryl Mills
2010-04-23,Cheryl Mills
2010-04-19,Lauren Jiloty
2010-04-22,Jake Sullivan
2010-04-12,Sidney Blumenthal
2010-04-20,Lissa Muscatine
2010-04-21,Melanne Verveer
2010-04-17,Lauren Jiloty
2010-04-17,Huma Abedin
2010-04-24,Cheryl Mills
2010-04-09,Lauren Jiloty
2010-04-21,Cheryl Mills
2010-04-25,Judith McHale
2010-04-23,Sidney Blumenthal
2010-04-14,Marty Torrey
2010-04-18,Lauren Jiloty
2010-04-23,Jake Sullivan
2010-04-19,Rodriguez Miguel
2010-04-24,Richard Verma
2010-04-23,Cheryl Mills
2010-04-16,Huma Abedin
2010-04-19,Huma Abedin
2010-04-23,Lauren Jiloty
2010-04-17,Jake Sullivan
2010-04-19,Lynn Forester de Rothschild
2010-04-27,Lauren Jiloty
2010-04-18,Rodriguez Miguel
2010-04-24,Philippe Reines
2010-04-16,Huma Abedin
2010-04-20,Philippe Reines
2010-04-24,Jake Sullivan
2010-04-25,Lauren Jiloty
2010-04-22,Richard Verma
2010-04-24,Kurt Campbell
2010-04-16,Huma Abedin
2010-04-25,Jake Sullivan
2010-04-23,Lona Valmoro
2010-04-23,Sidney Blumenthal
2010-04-19,Judith McHale
2010-04-18,Huma Abedin
2010-04-20,Cheryl Mills
2010-04-19,Huma Abedin
2010-04-07,Lauren Jiloty
2010-04-05,Lauren Jiloty
2010-03-31,Jake Sullivan
2010-04-08,Cheryl Mills
2010-03-29,Jake Sullivan
2010-04-03,Cheryl Mills
2010-03-25,Cheryl Mills
2010-03-31,Huma Abedin
2010-03-27,Jake Sullivan
2010-04-07,Monica Hanley
2010-04-02,Jake Sullivan
2010-04-09,Huma Abedin
2010-03-29,Huma Abedin
2010-04-07,Cheryl Mills
2010-03-27,Jake Sullivan
2010-04-01,Jake Sullivan
2010-04-02,Robert Russo
2010-03-30,Jake Sullivan
2010-04-02,Lauren Jiloty
2010-03-25,Cheryl Mills
2010-03-30,Sidney Blumenthal
2010-04-02,Jake Sullivan
2010-04-08,Cheryl Mills
2010-03-30,Cheryl Mills
2010-03-30,Huma Abedin
2010-03-26,Jake Sullivan
2010-04-09,Lauren Jiloty
2010-04-01,Jake Sullivan
2010-03-27,Lona Valmoro
2010-04-05,Jake Sullivan
2010-04-02,Lauren Jiloty
2010-04-07,Lauren Jiloty
2010-04-01,Philippe Reines
2010-04-05,Lauren Jiloty
2010-03-30,Huma Abedin
2010-03-31,Jake Sullivan
2010-03-31,Huma Abedin
2010-03-30,Cheryl Mills
2010-03-31,Cheryl Mills
2010-03-27,Lauren Jiloty
2010-03-27,William Burns
2010-04-02,Lauren Jiloty
2010-04-07,Lauren Jiloty
2010-03-30,Huma Abedin
2010-04-05,Lona Valmoro
2010-04-09,Jake Sullivan
2010-03-29,Jake Sullivan
2010-04-07,Judith McHale
2010-04-01,Jake Sullivan
2010-03-24,Lauren Jiloty
2010-03-23,Lauren Jiloty
2010-03-22,Maggie Williams
2010-03-20,Jake Sullivan
2010-03-20,Tomicah Tillemann
2010-03-14,Lauren Jiloty
2010-03-14,Jake Sullivan
2010-03-23,Anne-Marie Slaughter
2010-03-22,Cheryl Mills
2010-03-20,Lona Valmoro
2010-03-19,Huma Abedin
2010-03-18,Jake Sullivan
2010-03-14,Jake Sullivan
2010-03-23,Lona Valmoro
2010-03-23,Sidney Blumenthal
2010-03-22,Anne-Marie Slaughter
2010-03-20,Cheryl Mills
2010-03-20,Tomicah Tillemann
2010-03-20,Jake Sullivan
2010-03-20,Jake Sullivan
2010-03-20,Jake Sullivan
2010-03-20,Jake Sullivan
2010-03-19,Huma Abedin
2010-03-19,Huma Abedin
2010-03-14,Cheryl Mills
2010-03-14,Lauren Jiloty
2010-03-21,Jake Sullivan
2010-03-20,Jake Sullivan
2010-03-20,Jake Sullivan
2010-03-14,Philippe Reines
2010-03-14,rooneym@state.gov
2010-03-21,Anne-Marie Slaughter
2010-03-20,Jake Sullivan
2010-03-20,Lona Valmoro
2010-03-20,Lona Valmoro
2010-03-20,Tomicah Tillemann
2010-03-20,Jake Sullivan
2010-03-19,Huma Abedin
2010-03-14,Cheryl Mills
2010-03-24,Jake Sullivan
2010-03-24,Jake Sullivan
2010-03-24,Lauren Jiloty
2010-03-21,Barbara Mikulski
2010-03-20,Lona Valmoro
2010-03-20,Arturo Valenzuela
2010-03-19,Huma Abedin
2010-03-14,Cheryl Mills
2010-03-13,rooneym@state.gov
2010-03-10,Lauren Jiloty
2010-03-06,Cheryl Mills
2010-03-06,Sidney Blumenthal
2010-03-06,Philippe Reines
2010-03-03,Kris Balderston
2010-03-13,Jake Sullivan
2010-03-13,Anne-Marie Slaughter
2010-03-12,Cheryl Mills
2010-03-05,Huma Abedin
2010-03-10,Cheryl Mills
2010-03-07,Cheryl Mills
2010-03-05,Huma Abedin
2010-03-06,Jake Sullivan
2010-03-06,Huma Abedin
2010-03-04,Jake Sullivan
2010-03-03,Cheryl Mills
2010-03-13,Anne-Marie Slaughter
2010-03-08,Jake Sullivan
2010-03-05,Richard Verma
2010-03-02,Philippe Reines
2010-03-13,Lona Valmoro
2010-03-08,Lauren Jiloty
2010-03-06,Courtney Beale
2010-03-04,Cheryl Mills
2010-03-02,Jake Sullivan
2010-03-11,rooneym@state.gov
2010-03-07,Jake Sullivan
2010-03-05,Courtney Beale
2010-03-05,Courtney Beale
2010-03-11,rooneym@state.gov
2010-03-07,Jake Sullivan
2010-03-04,Richard Verma
2010-03-04,Ellen Tauscher
2010-02-28,Melanne Verveer
2010-02-23,Anne-Marie Slaughter
2010-02-21,Huma Abedin
2010-02-15,Jake Sullivan
2010-02-13,Anne-Marie Slaughter
2010-02-10,Lauren Jiloty
2010-02-28,Lona Valmoro
2010-02-26,Huma Abedin
2010-02-27,Strobe Talbott
2010-02-27,Huma Abedin
2010-02-25,Kris Balderston
2010-02-23,Anne-Marie Slaughter
2001-01-01,Chelsea Clinton
2010-02-22,Jake Sullivan
2010-02-21,Judith McHale
2010-02-17,Jake Sullivan
2010-02-13,Sidney Blumenthal
2010-02-13,Sidney Blumenthal
2010-02-12,Anne-Marie Slaughter
2010-02-10,Huma Abedin
2010-02-28,Huma Abedin
2001-01-01,Chelsea Clinton
2010-02-21,Sidney Blumenthal
2010-02-21,Lona Valmoro
2010-02-19,Lauren Jiloty
2010-02-17,Lauren Jiloty
2010-02-17,Lona Valmoro
2010-02-12,Judith McHale
2010-02-12,Lauren Jiloty
2010-02-11,Cheryl Mills
2010-02-10,Jake Sullivan
2010-02-25,Cheryl Mills
2010-02-25,Philippe Reines
2010-02-22,Richard Verma
2010-02-22,Lauren Jiloty
2010-02-22,Mark Penn
2010-02-21,Sidney Blumenthal
2010-02-21,Tomicah Tillemann
2010-02-21,Cheryl Mills
2010-02-17,Sidney Blumenthal
2010-02-13,Sidney Blumenthal
2010-02-12,Cherie Blair
2010-02-12,Jake Sullivan
2010-02-12,Anne-Marie Slaughter
2010-02-12,Sidney Blumenthal
2010-02-11,Anne-Marie Slaughter
2010-02-11,Anne-Marie Slaughter
2010-02-10,Richard Verma
2010-02-10,Philippe Reines
2010-02-10,Huma Abedin
2010-02-27,Huma Abedin
2010-02-22,Richard Verma
2010-02-22,Cheryl Mills
2010-02-21,Cheryl Mills
2010-02-13,Cherie Blair
2010-02-27,Cheryl Mills
2010-02-24,Jake Sullivan
2010-02-24,Jake Sullivan
2010-02-22,Lona Valmoro
2010-02-15,Jake Sullivan
2010-02-12,Jake Sullivan
2010-02-12,Jake Sullivan
2010-02-11,Lona Valmoro
2010-02-21,Jake Sullivan
2010-02-21,Sidney Blumenthal
2010-02-21,Tomicah Tillemann
2010-02-20,Huma Abedin
2010-02-20,Tomicah Tillemann
2010-02-17,Lona Valmoro
2010-02-17,Jake Sullivan
2010-02-17,Michael Fuchs
2010-02-17,Lauren Jiloty
2010-02-28,Lona Valmoro
2010-02-28,Strobe Talbott
2010-02-26,Cheryl Mills
2010-02-27,Philippe Reines
2010-02-27,Huma Abedin
2010-02-25,Cheryl Mills
2010-02-21,Lauren Jiloty
2010-02-22,Lauren Jiloty
2010-02-21,Lauren Jiloty
2010-02-20,Cheryl Mills
2010-02-17,Philippe Reines
2010-02-17,Lauren Jiloty
2010-02-12,Jake Sullivan
2010-02-12,Judith McHale
2010-02-13,Sidney Blumenthal
2010-02-11,Jake Sullivan
2010-02-10,Cheryl Mills
2010-02-10,Philippe Reines
2010-02-10,Jake Sullivan
2010-02-10,Jake Sullivan
2010-02-08,Jake Sullivan
2010-02-06,Cheryl Mills
2010-02-06,Sidney Blumenthal
2010-02-05,Huma Abedin
2010-02-05,Huma Abedin
2010-02-04,Sidney Blumenthal
2010-02-08,Richard Verma
2010-02-08,Anne-Marie Slaughter
2010-02-08,Jake Sullivan
2010-02-08,Jake Sullivan
2010-02-05,Huma Abedin
2010-02-05,Huma Abedin
2010-02-05,Jake Sullivan
2010-02-04,Huma Abedin
2010-02-10,Cheryl Mills
2010-02-10,Jake Sullivan
2010-02-08,Philippe Reines
2010-02-08,Huma Abedin
2010-02-07,Jake Sullivan
2010-02-04,Jake Sullivan
2010-02-10,Jake Sullivan
2010-02-10,Philippe Reines
2010-02-08,Cheryl Mills
2010-02-08,Jake Sullivan
2010-02-08,Sidney Blumenthal
2010-02-07,Jake Sullivan
2010-02-07,Lona Valmoro
2010-02-06,Sidney Blumenthal
2010-02-06,Huma Abedin
2010-02-04,Lauren Jiloty
2010-02-04,Jake Sullivan
2010-02-09,Huma Abedin
2010-02-07,Lauren Jiloty
2010-02-07,Anne-Marie Slaughter
2010-02-06,Cheryl Mills
2010-02-06,Huma Abedin
2010-02-05,Cheryl Mills
2010-02-04,Jake Sullivan
2010-02-04,Huma Abedin
2010-02-04,Huma Abedin
2010-02-02,Cheryl Mills
2010-02-08,Lauren Jiloty
2010-02-06,Jake Sullivan
2010-02-05,Huma Abedin
2010-02-05,Huma Abedin
2010-02-04,Richard Verma
2010-02-04,Cheryl Mills
2010-02-04,Jake Sullivan
2010-02-04,Sidney Blumenthal
2010-02-10,Jake Sullivan
2010-02-10,Jake Sullivan
2010-02-08,Philippe Reines
2010-02-08,Jake Sullivan
2010-02-05,Huma Abedin
2010-02-05,Huma Abedin
2010-02-05,Huma Abedin
2010-02-04,Sidney Blumenthal
2010-02-04,Jake Sullivan
2010-02-04,Sidney Blumenthal
2010-02-04,Jake Sullivan
2010-02-10,Jake Sullivan
2010-02-08,Cheryl Mills
2010-02-08,Cheryl Mills
2010-02-07,Huma Abedin
2010-02-06,Jake Sullivan
2010-02-06,Cheryl Mills
2010-02-05,Cheryl Mills
2010-02-04,Philippe Reines
2010-02-04,Jake Sullivan
2010-02-01,Cheryl Mills
2010-01-31,Lauren Jiloty
2010-01-31,Lauren Jiloty
2010-01-31,Lissa Muscatine
2010-01-30,Jake Sullivan
2010-01-30,Sidney Blumenthal
2010-01-27,Judith McHale
2010-01-27,Hillary Clinton
2010-01-27,Hillary Clinton
2010-01-25,Cheryl Mills
2010-02-03,Huma Abedin
2010-02-01,Cheryl Mills
2010-01-31,Lauren Jiloty
2010-01-31,Lauren Jiloty
2010-01-30,Cheryl Mills
2010-01-30,Cheryl Mills
2010-01-25,Jake Sullivan
2010-01-24,Lauren Jiloty
2010-01-31,Lauren Jiloty
2010-01-31,Lissa Muscatine
2010-01-31,Judith McHale
2010-01-29,Cheryl Mills
2010-01-28,Cheryl Mills
2010-01-28,Nora Toiv
2010-01-28,Anne-Marie Slaughter
2010-01-25,Doug Hattaway
2010-01-24,Lauren Jiloty
2010-02-03,Phillip Crowley
2010-02-02,Philippe Reines
2010-01-31,Jake Sullivan
2010-01-30,Anne-Marie Slaughter
2010-01-24,Jake Sullivan
2010-01-31,Jake Sullivan
2010-01-30,Judith McHale
2010-01-27,Jake Sullivan
2010-01-31,Lissa Muscatine
2010-01-31,Jake Sullivan
2010-01-27,Cheryl Mills
2010-01-25,Cheryl Mills
2010-01-24,Lauren Jiloty
2010-01-24,Anne-Marie Slaughter
2010-02-03,Lona Valmoro
2010-01-31,Lauren Jiloty
2010-01-31,Philip Gordon
2010-01-31,Lauren Jiloty
2010-01-30,Jake Sullivan
2010-01-30,Jake Sullivan
2010-01-30,Sidney Blumenthal
2010-01-30,Cheryl Mills
2010-01-27,Cheryl Mills
2010-01-28,Nora Toiv
2010-01-31,Lauren Jiloty
2010-01-31,Lauren Jiloty
2010-01-31,Maria Otero
2010-01-31,Ellen Tauscher
2010-01-30,Jake Sullivan
2010-01-30,Sidney Blumenthal
2010-01-30,Jake Sullivan
2010-01-30,Jake Sullivan
2010-01-23,Sidney Blumenthal
2010-01-22,Lissa Muscatine
2010-01-06,Lissa Muscatine
2010-01-06,Jake Sullivan
2010-01-05,Lissa Muscatine
2010-01-04,Cheryl Mills
2010-01-05,Lissa Muscatine
2010-01-24,Nora Toiv
2010-01-24,Lauren Jiloty
2010-01-24,Huma Abedin
2010-01-24,Philippe Reines
2010-01-22,Cheryl Mills
2010-01-20,Jake Sullivan
2010-01-20,Jake Sullivan
2010-01-05,Lauren Jiloty
2010-01-03,Lona Valmoro
2010-01-24,Huma Abedin
2010-01-23,Jake Sullivan
2010-01-20,Jake Sullivan
2010-01-24,Philippe Reines
2010-01-23,Sidney Blumenthal
2010-01-21,Lona Valmoro
2010-01-20,Nora Toiv
2010-01-20,Lona Valmoro
2010-01-20,Lauren Jiloty
2010-01-05,Jake Sullivan
2010-01-05,Cheryl Mills
2010-01-24,Cheryl Mills
2010-01-23,Sidney Blumenthal
2010-01-20,Cheryl Mills
2010-01-20,Jake Sullivan
2010-01-20,Jake Sullivan
2010-01-24,Huma Abedin
2010-01-23,Sidney Blumenthal
2010-01-22,Tomicah Tillemann
2010-01-22,Nora Toiv
2010-01-21,Philip Gordon
2010-01-21,Jake Sullivan
2010-01-20,Jake Sullivan
2010-01-20,Huma Abedin
2010-01-06,Huma Abedin
2010-01-05,Cheryl Mills
2010-01-24,Lauren Jiloty
2010-01-24,Cheryl Mills
2010-01-24,Nora Toiv
2010-01-24,Cheryl Mills
2010-01-22,Lona Valmoro
2010-01-22,Cheryl Mills
2010-01-22,Cheryl Mills
2010-01-20,Lauren Jiloty
2010-01-20,Jake Sullivan
2010-01-20,Lauren Jiloty
2010-01-20,Huma Abedin
2010-01-05,Lauren Jiloty
2010-01-24,Cheryl Mills
2010-01-21,Cheryl Mills
2010-01-20,Judith McHale
2010-01-06,Richard Verma
2010-01-05,Lissa Muscatine
2010-01-03,Richard Verma
2010-01-03,Lauren Jiloty
2010-01-02,Harold Hongju Koh
2010-01-01,Anne-Marie Slaughter
2010-01-19,Cheryl Mills
2010-01-18,KellyC@state.gov
2010-01-17,Cheryl Mills
2010-01-17,Huma Abedin
2010-01-17,Cheryl Mills
2009-12-31,Strobe Talbott
2010-01-18,KellyC@state.gov
2010-01-17,Lauren Jiloty
2010-01-17,Lissa Muscatine
2010-01-03,Robert Russo
2010-01-01,Harold Hongju Koh
2010-01-01,James Steinberg
2010-01-01,Sidney Blumenthal
2010-01-19,Jake Sullivan
2010-01-17,Jacob Lew
2010-01-17,Huma Abedin
2010-01-17,Cheryl Mills
2010-01-03,Todd Stern
2010-01-01,Melanne Verveer
2010-01-19,Cheryl Mills
2010-01-18,Strobe Talbott
2010-01-03,Monica Hanley
2010-01-19,Cheryl Mills
2010-01-18,Maria Otero
2010-01-17,Huma Abedin
2010-01-03,Robert Russo
2010-01-18,Maria Otero
2010-01-18,Arturo Valenzuela
2010-01-17,Cheryl Mills
2010-01-17,Michael Fuchs
2010-01-17,Huma Abedin
2010-01-03,Todd Stern
2010-01-19,Cheryl Mills
2010-01-18,Strobe Talbott
2010-01-17,Maria Otero
2010-01-17,Huma Abedin
2010-01-03,Lauren Jiloty
2010-01-03,Jake Sullivan
2010-01-19,Lauren Jiloty
2010-01-16,Jacob Lew
2010-01-14,Rajiv Shah
2010-01-14,Lauren Jiloty
2001-01-01,Mike
2010-01-14,Esther Brimmer
2010-01-11,Cheryl Mills
2010-01-10,Lona Valmoro
2010-12-31,Melanne Verveer
2010-12-30,Huma Abedin
2010-12-29,Cheryl Mills
2010-01-16,Cheryl Mills
2010-01-14,Lauren Jiloty
2010-01-14,Lauren Jiloty
2010-01-14,Esther Brimmer
2010-01-10,Sidney Blumenthal
2010-12-29,Melanne Verveer
2010-01-15,Cheryl Mills
2010-01-13,Cheryl Mills
2010-01-12,Kris Balderston
2010-01-10,Doug Hattaway
2010-01-07,Cheryl Mills
2010-12-31,Huma Abedin
2010-12-30,Anne-Marie Slaughter
2010-12-30,Huma Abedin
2010-12-29,Richard Verma
2010-01-15,Cheryl Mills
2010-01-09,Lauren Jiloty
2010-12-29,Huma Abedin
2010-01-15,Cheryl Mills
2010-01-15,Cheryl Mills
2010-01-14,Cheryl Mills
2010-01-14,Lauren Jiloty
2010-12-30,Cheryl Mills
2010-12-30,Philippe Reines
2010-01-15,Cheryl Mills
2010-01-14,Lauren Jiloty
2010-01-11,Robert Russo
2010-01-11,Robert Russo
2010-01-11,Lauren Jiloty
2010-01-10,Kris Balderston
2010-12-31,Judith McHale
2010-12-30,Miguel Rodriguez
2010-12-30,Huma Abedin
2010-01-15,Lona Valmoro
2010-01-12,Jake Sullivan
2010-01-11,Cheryl Mills
2010-01-10,Kris Balderston
2010-01-10,Kris Balderston
2010-01-09,Robert Russo
2010-01-07,Cheryl Mills
2010-12-30,Miguel Rodriguez
2010-12-30,Melanne Verveer
2010-12-29,Strobe Talbott
2010-01-15,Cheryl Mills
2010-01-15,Lona Valmoro
2010-01-14,Lauren Jiloty
2010-01-11,Huma Abedin
2010-01-11,Kris Balderston
2010-01-11,Kris Balderston
2010-12-30,Miguel Rodriguez
2010-12-30,Huma Abedin
2010-12-27,Cheryl Mills
2010-12-27,Huma Abedin
2010-12-27,Jake Sullivan
2010-12-26,Cheryl Mills
2010-12-26,Cheryl Mills
2010-12-25,Piper Campbell
2010-12-22,Huma Abedin
2010-12-22,Huma Abedin
2010-12-22,Daniel Schwerin
2010-12-21,Lauren Jiloty
2010-12-22,Richard Verma
2010-12-22,Anne-Marie Slaughter
2010-12-22,Cheryl Mills
2010-12-21,Richard Verma
2010-12-21,Monica Hanley
2010-12-21,Robert Russo
2010-12-27,Cheryl Mills
2010-12-26,Cheryl Mills
2010-12-25,Dana Hyde
2010-12-25,James Smith
2010-12-24,Philip Crowley
2010-12-22,Huma Abedin
2010-12-22,Richard Verma
2010-12-22,Richard Verma
2010-12-21,Huma Abedin
2010-12-21,Huma Abedin
2010-12-20,Richard Verma
2010-12-20,Cheryl Mills
2010-12-20,Sidney Blumenthal
2010-12-28,Jake Sullivan
2010-12-23,Cheryl Mills
2010-12-23,Cheryl Mills
2010-12-22,Huma Abedin
2010-12-22,Huma Abedin
2010-12-22,Richard Verma
2010-12-26,Cheryl Mills
2010-12-26,Cheryl Mills
2010-12-23,Jake Sullivan
2010-12-23,Cheryl Mills
2010-12-22,Huma Abedin
2010-12-22,Cheryl Mills
2010-12-21,Huma Abedin
2010-12-28,Melanne Verveer
2010-12-27,Jake Sullivan
2010-12-27,Jake Sullivan
2010-12-23,Jake Sullivan
2010-12-29,Jake Sullivan
2010-12-27,Cheryl Mills
2010-12-27,Huma Abedin
2010-12-27,Melanne Verveer
2010-12-23,Cheryl Mills
2010-12-23,Judith McHale
2010-12-22,Cheryl Mills
2010-12-22,Cheryl Mills
2010-12-21,Richard Verma
2010-12-21,Richard Verma
2010-12-21,Huma Abedin
2010-12-21,Richard Verma
2010-12-29,Strobe Talbott
2010-12-29,Jake Sullivan
2010-12-22,Huma Abedin
2010-12-21,Anne-Marie Slaughter
2010-12-21,Robert Russo
2010-12-20,Huma Abedin
2010-12-18,Cheryl Mills
2010-12-18,Richard Verma
2010-12-16,Lauren Jiloty
2010-12-14,Cheryl Mills
2010-12-14,Miguel Rodriguez
2014-12-14,Joshua Daniel
2010-12-16,Huma Abedin
2010-12-15,Cheryl Mills
2010-12-15,Daniel Schwerin
2010-12-14,Cheryl Mills
2010-12-14,Melanne Verveer
2010-12-14,Jake Sullivan
2010-12-19,Richard Verma
2010-12-19,Huma Abedin
2010-12-18,Huma Abedin
2010-12-17,Cheryl Mills
2010-12-16,Jake Sullivan
2010-12-16,Todd Stern
2010-12-16,Huma Abedin
2010-12-15,Cheryl Mills
2010-12-15,Cheryl Mills
2010-12-19,Madeleine Albright
2010-12-19,Huma Abedin
2010-12-18,Huma Abedin
2012-12-16,Melanne Verveer
2010-12-15,Sidney Blumenthal
2010-12-18,Richard Verma
2010-12-17,Huma Abedin
2010-12-17,Jake Sullivan
2010-12-16,Cheryl Mills
2010-12-15,Anne-Marie Slaughter
2010-12-14,Huma Abedin
2010-12-14,Sidney Blumenthal
2010-12-18,Melanne Verveer
2010-12-15,Jake Sullivan
2010-12-15,Cheryl Mills
2010-12-15,Joshua Daniel
2010-12-17,Melanne Verveer
2010-12-16,Richard Verma
2010-12-16,Daniel Inonye
2010-12-18,Jake Sullivan
2010-12-18,Jake Sullivan
2010-12-18,Melanne Verveer
2010-12-18,Cheryl Mills
2010-12-18,Richard Verma
2010-12-16,Richard Verma
2010-12-16,Cheryl Mills
2010-12-15,Jake Sullivan
2010-12-15,Cheryl Mills
2010-12-15,Richard Verma
2010-12-14,Huma Abedin
2010-12-13,Richard Verma
2010-12-13,Cheryl Mills
2010-12-13,Huma Abedin
2010-12-13,Cheryl Mills
2010-12-13,Cheryl Mills
2010-12-11,Huma Abedin
2010-12-09,Huma Abedin
2010-12-08,Jake Sullivan
2010-12-07,Philippe Reines
2010-12-13,Cheryl Mills
2010-12-11,Cheryl Mills
2010-12-08,Judith McHale
2010-12-08,Richard Verma
2010-12-14,Cheryl Mills
2010-12-11,Richard Verma
2010-12-09,Judith McHale
2010-12-08,Cheryl Mills
2010-12-08,Cheryl Mills
2010-12-08,Jake Sullivan
2010-12-12,Melanne Verveer
2010-12-12,Huma Abedin
2010-12-11,Cheryl Mills
2010-12-10,Richard Verma
2010-12-08,Huma Abedin
2010-12-08,Philip Crowley
2010-12-13,Jake Sullivan
2010-12-12,Joshua Daniel
2010-12-12,Jake Sullivan
2010-12-11,Huma Abedin
2010-12-07,Cheryl Mills
2010-12-13,Jake Sullivan
2010-12-12,Philippe Reines
2010-12-12,Huma Abedin
2009-12-12,Daniel
2010-12-09,Cheryl Mills
2010-12-09,Lauren Jiloty
2010-12-08,Cheryl Mills
2010-12-08,Cheryl Mills
2010-12-08,Jake Sullivan
2010-12-08,Huma Abedin
2010-12-08,Richard Verma
2010-12-08,Phillip Crowley
2010-12-13,Huma Abedin
2010-12-11,Richard Verma
2010-12-11,Cheryl Mills
2010-12-11,Cheryl Mills
2010-12-10,Huma Abedin
2010-12-09,Lauren Jiloty
2012-12-07,Melanne Verveer
2010-12-13,Melanne Verveer
2010-12-11,Cheryl Mills
2010-12-11,Huma Abedin
2010-12-09,Judith McHale
2010-12-09,Melanne Verveer
2010-12-08,Cheryl Mills
2010-12-07,Cheryl Mills
2010-12-07,Jake Sullivan
2010-12-07,Richard Verma
2010-12-06,Melanne Verveer
2010-12-05,Melanne Verveer
2010-12-04,Sidney Blumenthal
2010-12-01,Jake Sullivan
2010-12-01,Huma Abedin
2010-12-06,Jake Sullivan
2010-12-06,Ellen Tauscher
2010-12-06,Melanne Verveer
2010-12-03,Cheryl Mills
2010-12-02,Cheryl Mills
2010-12-02,Huma Abedin
2010-12-02,Huma Abedin
2010-12-02,Jake Sullivan
2010-12-04,Jeffrey Feltman
2010-12-04,Sidney Blumenthal
2010-12-07,Cheryl Mills
2010-12-07,Huma Abedin
2010-12-05,Michael Fuchs
2010-12-04,Sidney Blumenthal
2010-12-02,Huma Abedin
2010-12-02,Cheryl Mills
2010-12-01,Richard Verma
2010-12-01,Huma Abedin
2010-11-30,Huma Abedin
2010-12-05,Jake Sullivan
2010-12-04,Lauren Jiloty
2010-12-03,Sidney Blumenthal
2010-12-02,Cheryl Mills
2010-12-02,Huma Abedin
2010-12-02,Huma Abedin
2010-12-02,Jake Sullivan
2010-11-30,Huma Abedin
2010-12-07,Philippe Reines
2010-12-06,Lauren Jiloty
2010-12-05,Melanne Verveer
2010-12-02,Huma Abedin
2010-12-01,Huma Abedin
2010-12-06,Sidney Blumenthal
